comment,video_title,video_url,is_short
Google+: I don't feel so good,Why Google+ Failed,https://www.youtube.com/watch?v=ofptIPVKMy4,False
"I grew up using Google+ more than any other social medias. :/ 
This is so unfortunate.",Why Google+ Failed,https://www.youtube.com/watch?v=ofptIPVKMy4,False
"Hard to believe it’s already been a year, sure some people may not have liked it but I honestly did, made lots of great friends there",Why Google+ Failed,https://www.youtube.com/watch?v=ofptIPVKMy4,False
Title: Why Google + is shutting down.,Why Google+ Failed,https://www.youtube.com/watch?v=ofptIPVKMy4,False
I’m watching this exactly 1 year after google plus shutdown lol,Why Google+ Failed,https://www.youtube.com/watch?v=ofptIPVKMy4,False
"I am so sorry. I don't know if anyone has asked you this yet already, but I have a request.

Can you say: ""Burger King Foot Lettuce""",Why Google+ Failed,https://www.youtube.com/watch?v=ofptIPVKMy4,False
"FlareTV congrats on 2 million

Edit: do I use Like bot because I have 1000 likes and 31 comments

2nd Edit: We hit 1K thx",Why Google+ Failed,https://www.youtube.com/watch?v=ofptIPVKMy4,False
Google+ was far better then Facebook and Twitter in my opinion.,Why Google+ Failed,https://www.youtube.com/watch?v=ofptIPVKMy4,False
Yo!! Thanks for coming the stream earlier.,Why Google+ Failed,https://www.youtube.com/watch?v=ofptIPVKMy4,False
"I've found a lot of friends in Google+ since 2014.
The beautiful platform has no annoying ads, you can easily get popular, and everyone is very interested to each other.
The site constantly glitches from time to time, like notifications not working, posts not loading, auto removal of people from circles etc.
But the small community takes is as a joke and makes a star for every google+ purge you survive
A lot of inside jokes were made like ""Ung Farts"" and Christian Girl

The new platform MeWe came to take the refugees of Google+ with supported data import of your Google+ posts, pictures and followers.

I'm gonna miss you Mr. Jingles.",Why Google+ Failed,https://www.youtube.com/watch?v=ofptIPVKMy4,False
"Google+ : IM ALI—
Developers: Nope",Why Google+ Failed,https://www.youtube.com/watch?v=ofptIPVKMy4,False
I never heard of Google Answers but damn that shit would've been amazing,Why Google+ Failed,https://www.youtube.com/watch?v=ofptIPVKMy4,False
"You were around 5K when I saw your stream for the first time....
And now you are 2M...
Congrats bro",Why Google+ Failed,https://www.youtube.com/watch?v=ofptIPVKMy4,False
"I was on google+ since beta and actively loved the circles feature since 'i don't want to bore my family with my tech obsessions and I don't want the gaming folk to deal with stuff on my personal family business' it was a good way to compartmentalize, and just as importantly filter.",Why Google+ Failed,https://www.youtube.com/watch?v=ofptIPVKMy4,False
"simple answer: everybody hated it after the google+ intergration to youtube 
there was also a data breach",Why Google+ Failed,https://www.youtube.com/watch?v=ofptIPVKMy4,False
"Who going to get to 100m first?

Pewdiepie- Give sensual loving to the like button

Evil- Get vaccinated,     


QUICKLY",Why Google+ Failed,https://www.youtube.com/watch?v=ofptIPVKMy4,False
"RIP Club Penguin, Wii Shop Channel, and now... Google+ :'(",Why Google+ Failed,https://www.youtube.com/watch?v=ofptIPVKMy4,False
"I won't forget Google + and the communities of people there.
I've managed to help save many communities by transferring them to other places, but many will be lost.
People will be loosing years of work, friendships and entire communities.

Outsiders won't understand what loving, friendly communities that were maintained by the dedicated few.
All this despite being abandoned by Google long ago after they failed to mash it into youtube which neither communities wanted.

So long old friend. You were good whilst you lasted.",Why Google+ Failed,https://www.youtube.com/watch?v=ofptIPVKMy4,False
It says “No Views” but has 41 likes... WTF?,Why Google+ Failed,https://www.youtube.com/watch?v=ofptIPVKMy4,False
"i used g+ all of middle school bc i couldnt use instagram yet lol, i had like 1000+ followers and posted punk song lyric edits, was a twenty one pilots stan account, and reposted memes/posts from tumblr.. aah good times (im currently in the middle of deleting all my g+ emails lmao theres like 50k)

i didnt even realize they shut down so i couldnt save my stuff but hopefully its some internet archive somewhere :(",Why Google+ Failed,https://www.youtube.com/watch?v=ofptIPVKMy4,False
"Y’know usually I'd say meh, but I think I speak for everyone when I say...







Good.",Why Google+ Failed,https://www.youtube.com/watch?v=ofptIPVKMy4,False
"Google+ was such a big part of my life for years, I used it so much more than Facebook since, at the time, Facebook didn't have quite the same Hangout setup that Google+ had. My favorite part of live chatting with friends, screen sharing. At that time, Facebook didn't have that ability when you video called someone, that's why I would use it more than FB. It's a shame really, although, in the end, everything changed inbetween my absences and I didn't know how to use it anymore, so I couldn't. It'll still be a big part of my life that I will miss dearly.",Why Google+ Failed,https://www.youtube.com/watch?v=ofptIPVKMy4,False
"8 views 195 likes 127 comments
Thats the power of FlareTV",Why Google+ Failed,https://www.youtube.com/watch?v=ofptIPVKMy4,False
"I still using Google+ and right now I'm still online and why?
Because Google+ have been with me for 6 years and I'm still online because I want to see it one last time and to see it go",Why Google+ Failed,https://www.youtube.com/watch?v=ofptIPVKMy4,False
This was my first social media :/ I miss it honestly I liked how easy the communities were everything was easy,Why Google+ Failed,https://www.youtube.com/watch?v=ofptIPVKMy4,False
"U were even able to reply to people on YouTube through Google plus without having to go on YouTube, that was the absolute best thing about the app, u can't do that at all with anything else",Why Google+ Failed,https://www.youtube.com/watch?v=ofptIPVKMy4,False
"Hello, Google+ veteran and refugee here - been on the site since 2015.

Just here to say that, man, I still miss that site.
I've made so many friends there, so many memories, spent so much time.. Just to see it gone is heartbreaking.
Every morning, I would still open up G+ just to see what people are posting (mostly memes about the shut down) only to just see empty space and Google+ themselves talking about the shutdown itself.

It was such a small community, a tightly-knit one at that.

I don't think I'll ever forget that site. Mostly because, well, since it wasn't as popular, there wasn't much competition like Instagram nor was it as 'agrresive' as Twitter. Small yet amazing artists thrived there and actually got attention, people used slurs daily (i.g. the n word) because none of us really cared, hell, you could make meaningful relationships with others and not just rely on exisiting ones. We would have our own inside jokes, classic G+ posts that somehow made their way onto other social medias. Google+ literally saved me from ending my own life, and it saved others, too.

For example, a person on there - don't remember his name - he looked to be the average G+ (average to us, atleast). He would always post memes and whatnot but he would mostly make posts where he would always gush on about birds and how cute they were. I still remember the countless times where he would post vents about his depression, suicide, life problems, saying that Google+ has been making his life worthwhile, etc. So, when he finally announced that he was leaving G+, I felt. Sad. (this was two years before the shut down was announced) Yes, he listed his social medias, though I only followed him on IG for whatever reason. Time skip to today, he still hasn't posted anything on Instagram. I'm worried that he might've already comitted suicide.

Before the shutdown, I swear, it was the most saddest moment I've seen on G+. People were saying their goodbyes, listing their social medias so they could stay connected. Some were making memes about our inevitable doom to try and lighten it up, some were begging Google to not delete it. 'Course, everyone made face reveals, too, as I did myself. And when it shutted down it was just.. Absolutely heartbreaking.

It really felt like losing a tightly-knit community.

I miss it, I really do.
I want to be mad at Google so much, but I can't. Since they were the ones who brought G+ to life in the first place.

Thank you, Google+.",Why Google+ Failed,https://www.youtube.com/watch?v=ofptIPVKMy4,False
Aw the museums and  chaos of the drama that went on there.,Why Google+ Failed,https://www.youtube.com/watch?v=ofptIPVKMy4,False
"Google plus should have continued with slight modifications, in my opinion.",Why Google+ Failed,https://www.youtube.com/watch?v=ofptIPVKMy4,False
The amount of dislikes is the amount of people who use google plus,Why Google+ Failed,https://www.youtube.com/watch?v=ofptIPVKMy4,False
"It wasn't a failure in my book I enjoyed using the app, plus how can it be a failure if 1Billion+ People downloaded it",Why Google+ Failed,https://www.youtube.com/watch?v=ofptIPVKMy4,False
"I'm here because of that animation kid as Google+ saying ""dad, why don't they like me?""",Why Google+ Failed,https://www.youtube.com/watch?v=ofptIPVKMy4,False
"I really hope there will be a video in the future that is titled: ""Why Coppa Failed"".",Why Google+ Failed,https://www.youtube.com/watch?v=ofptIPVKMy4,False
R.I.P my old 4th grade fnaf fan accounts.. i’m a sophomore in high school now. fuck.,Why Google+ Failed,https://www.youtube.com/watch?v=ofptIPVKMy4,False
Remember when you used to do 24/7 radio livestreams?,Why Google+ Failed,https://www.youtube.com/watch?v=ofptIPVKMy4,False
BRO I REMEMBER WHEN I USED TO ROLEPLAY ON THERE,Why Google+ Failed,https://www.youtube.com/watch?v=ofptIPVKMy4,False
"2013 - Google Plus is Trash

2019 - Shutting Down 

2025 -",Why Google+ Failed,https://www.youtube.com/watch?v=ofptIPVKMy4,False
I like how they changed the thumbnail and put F+,Why Google+ Failed,https://www.youtube.com/watch?v=ofptIPVKMy4,False
I loved G+ I had made so many friends and made so many memories from that website. It was very disappointing when I found out they were shutting it down. I feel like without G+ hangouts is used a lot less. I cwn confirm as since G+ is shut down I  barely use hangouts because there is almost no point anymore,Why Google+ Failed,https://www.youtube.com/watch?v=ofptIPVKMy4,False
I remember when they tied Google+ to YouTube and everyone got pissed off. Good to see this gone,Why Google+ Failed,https://www.youtube.com/watch?v=ofptIPVKMy4,False
This makes me sad,Why Google+ Failed,https://www.youtube.com/watch?v=ofptIPVKMy4,False
"Google+ was my first social platform, before I didn't discover Twitter.",Why Google+ Failed,https://www.youtube.com/watch?v=ofptIPVKMy4,False
When Google forced YouTube users to use Google+ that was DOGSHIT,Why Google+ Failed,https://www.youtube.com/watch?v=ofptIPVKMy4,False
I’ve met so many great people from this site. The many memories i’ve had there were more than just to cherish. Now its gone. My home is gone. I want another opportunity to meet new people,Why Google+ Failed,https://www.youtube.com/watch?v=ofptIPVKMy4,False
"Honestly,  google plus was my life since 2015. I know the mods are awful and the site itself is not the best, but I have met three (two now. ) of my best friends on there. The people and the community is amazing. I still don't realize how much this might take away from me. I don't think I've ever been so connected to a community so much as when I was on google plus.",Why Google+ Failed,https://www.youtube.com/watch?v=ofptIPVKMy4,False
Congrats on 2M I’ve been here since 5K subs,Why Google+ Failed,https://www.youtube.com/watch?v=ofptIPVKMy4,False
This almost reminds me of the time Miiverse died.,Why Google+ Failed,https://www.youtube.com/watch?v=ofptIPVKMy4,False
Congrats you deserve 2million FlareTV road to 3million this channel,Why Google+ Failed,https://www.youtube.com/watch?v=ofptIPVKMy4,False
I remember just getting into the internet when it started. It introduced me to EVERYTHING. good times,Why Google+ Failed,https://www.youtube.com/watch?v=ofptIPVKMy4,False
I remember when they forced YouTube commenters to go through google +. It never recovered from that shitty mistake they made that pissed off literally everyone of YouTube.,Why Google+ Failed,https://www.youtube.com/watch?v=ofptIPVKMy4,False
BURGER KING FOOT LETTUCE,Why Google+ Failed,https://www.youtube.com/watch?v=ofptIPVKMy4,False
Congulatration flare TV for 2 million subs the guy who get the most amount of benefit in PewDiePie Vs t series,Why Google+ Failed,https://www.youtube.com/watch?v=ofptIPVKMy4,False
I remember using this site quite fondly when I was in my teens and this is where met some of my first friends and created countless communties.,Why Google+ Failed,https://www.youtube.com/watch?v=ofptIPVKMy4,False
i forgot this platform existed.,Why Google+ Failed,https://www.youtube.com/watch?v=ofptIPVKMy4,False
"I've been on Google+ since the beginning, I believe it's been over 5 years! I'm devastated that it ended because it was my main social media. Facebook is trash. Twitter, DeviantArt, and Mewe wouldn't take my email addresses no matter how many times I hit ""Resend"". I hope they bring it back for consumers because I will miss it.",Why Google+ Failed,https://www.youtube.com/watch?v=ofptIPVKMy4,False
The only thing I loved about it was you could see people’s older profile pictures,Why Google+ Failed,https://www.youtube.com/watch?v=ofptIPVKMy4,False
"The only good part about G+ was the ability to read and respond YouTube comments alot easier. After they removed that, I don't even read replies anymore",Why Google+ Failed,https://www.youtube.com/watch?v=ofptIPVKMy4,False
I didint read the plus sign so i was like WHAAAAT,Why Google+ Failed,https://www.youtube.com/watch?v=ofptIPVKMy4,False
":'(
Press 'F' to pay respect for Google+",Why Google+ Failed,https://www.youtube.com/watch?v=ofptIPVKMy4,False
yo i remember g+ bc half of us weren’t allowed a insta or facebook and my parents had no clue what g+ was,Why Google+ Failed,https://www.youtube.com/watch?v=ofptIPVKMy4,False
1:23 that one hair sticking out of the keyboard is killing me,Why Google+ Failed,https://www.youtube.com/watch?v=ofptIPVKMy4,False
"Wait, did Google+ even exist?",Why Google+ Failed,https://www.youtube.com/watch?v=ofptIPVKMy4,False
"It was a walking corpse with the redesign anyways, glad they finally kill it off.",Why Google+ Failed,https://www.youtube.com/watch?v=ofptIPVKMy4,False
"The user interface was so confusing, that when you did log in, it was completely bare. None of your friends were on it, and it was boring.",Why Google+ Failed,https://www.youtube.com/watch?v=ofptIPVKMy4,False
Google + was part of my life. Google shutted it down juat because it didn't make google that much money.,Why Google+ Failed,https://www.youtube.com/watch?v=ofptIPVKMy4,False
Wait FlareTV makes good videos apart from streams?,Why Google+ Failed,https://www.youtube.com/watch?v=ofptIPVKMy4,False
It broke when it's integrated forcefully to YouTube... thus failed along the way.,Why Google+ Failed,https://www.youtube.com/watch?v=ofptIPVKMy4,False
"Google+ is officially dead
Press F to pay respects",Why Google+ Failed,https://www.youtube.com/watch?v=ofptIPVKMy4,False
They tried to make us use Google+ by having to change YouTube profiles on Google+ but it never worked lul,Why Google+ Failed,https://www.youtube.com/watch?v=ofptIPVKMy4,False
Google + literally had no impact on YouTube I really don't understand how people had a problem w it,Why Google+ Failed,https://www.youtube.com/watch?v=ofptIPVKMy4,False
Does this mean if we sing into google + with youtube our accounts will be deleted?,Why Google+ Failed,https://www.youtube.com/watch?v=ofptIPVKMy4,False
"If only to access to google plus






Use mobile device also don't updated.",Why Google+ Failed,https://www.youtube.com/watch?v=ofptIPVKMy4,False
"Around 2017, I stopped using Google+ frequently since I was on twitter. I came back to Google+ on rare times but I kept resetting my profile which causes all of my posts and following circles to be gone. I have made my final post in February since the site is shutting down.",Why Google+ Failed,https://www.youtube.com/watch?v=ofptIPVKMy4,False
"This was my favorite social media, been using it since 2014 I was part of the Funny Memes Community",Why Google+ Failed,https://www.youtube.com/watch?v=ofptIPVKMy4,False
"I read the title as google shutting down, instead of google+ and I almost started crying thinking I would have to use internet explorer",Why Google+ Failed,https://www.youtube.com/watch?v=ofptIPVKMy4,False
Flare TV congrats for 2M without any hardwork!!,Why Google+ Failed,https://www.youtube.com/watch?v=ofptIPVKMy4,False
"No one:

Google: Google+ is shutting down",Why Google+ Failed,https://www.youtube.com/watch?v=ofptIPVKMy4,False
WE SHOULD SAVE GOOGLE+,Why Google+ Failed,https://www.youtube.com/watch?v=ofptIPVKMy4,False
I'm gonna miss it,Why Google+ Failed,https://www.youtube.com/watch?v=ofptIPVKMy4,False
"#askflaretv
1/ explain how you got 2 million subscribers from one live stream",Why Google+ Failed,https://www.youtube.com/watch?v=ofptIPVKMy4,False
Congrats on 2mil,Why Google+ Failed,https://www.youtube.com/watch?v=ofptIPVKMy4,False
When I was like 16 I used Google+ to escape reality and RP as my favorite character there I found a lot of friends that has the same taste of anime that's why I used it. But when I turned 18 it's like it's not the same as before,Why Google+ Failed,https://www.youtube.com/watch?v=ofptIPVKMy4,False
I always used this.....it was such a shame they decided to ban the app,Why Google+ Failed,https://www.youtube.com/watch?v=ofptIPVKMy4,False
I deleted the original comment so you won’t know where I got the 1k+ likes,Why Google+ Failed,https://www.youtube.com/watch?v=ofptIPVKMy4,False
"I really liked this platform from the ghetto had simple and fast settings to customize my profile and other accounts associated wit it, but its such a downfall that on that day it got hacked and I was no longer able to feel the same about it.",Why Google+ Failed,https://www.youtube.com/watch?v=ofptIPVKMy4,False
"Google: Hey Google+ are you hungry?

Google+: I don't feel so well...

Google: Eat Snickers because you are not you when you are hungry.

Google+ eats Snickers

Google: You are fixed now.

Google+ turns into Google-
Like if you want a Google minus",Why Google+ Failed,https://www.youtube.com/watch?v=ofptIPVKMy4,False
Now i cant even fu34ing change my google username.,Why Google+ Failed,https://www.youtube.com/watch?v=ofptIPVKMy4,False
Use the new song of pewdiepie in the live counting stream  we are waiting,Why Google+ Failed,https://www.youtube.com/watch?v=ofptIPVKMy4,False
I miss G+ honestly. I made some good friends and now I’m talking with one of them that still use Social Media and active.,Why Google+ Failed,https://www.youtube.com/watch?v=ofptIPVKMy4,False
"congrats on 2 million i guess 1,999,990 because i subbed you with 10 accounts",Why Google+ Failed,https://www.youtube.com/watch?v=ofptIPVKMy4,False
"Article 13, and also, Congrats on 2 million!!",Why Google+ Failed,https://www.youtube.com/watch?v=ofptIPVKMy4,False
"I love you channel.
Sorry for grammar im italian",Why Google+ Failed,https://www.youtube.com/watch?v=ofptIPVKMy4,False
Thanos snapped on google+,Why Google+ Failed,https://www.youtube.com/watch?v=ofptIPVKMy4,False
Good to see Google+ is gone ^^,Why Google+ Failed,https://www.youtube.com/watch?v=ofptIPVKMy4,False
Google making Google-,Why Google+ Failed,https://www.youtube.com/watch?v=ofptIPVKMy4,False
can u do a video about Article 13?,Why Google+ Failed,https://www.youtube.com/watch?v=ofptIPVKMy4,False
I’m shocked 200 million people still use it,Why Google+ Failed,https://www.youtube.com/watch?v=ofptIPVKMy4,False
Google Take a wrong step..If they improve google+ it will be great,Why Google+ Failed,https://www.youtube.com/watch?v=ofptIPVKMy4,False
Looks like bob and his tank won the war against google plus.,Why Google+ Failed,https://www.youtube.com/watch?v=ofptIPVKMy4,False
"Who will win
Like= pewdiepie
Comment= T-Suckeries

EDIT: I never had so many likes thanks 9 year old army now lets superpass t series before 100 mill",Why Google+ Failed,https://www.youtube.com/watch?v=ofptIPVKMy4,False
bro!congratulations on 2 million subscribers <3,Why Google+ Failed,https://www.youtube.com/watch?v=ofptIPVKMy4,False
"Looks like Bob won, at the end of the day...",Why Google+ Failed,https://www.youtube.com/watch?v=ofptIPVKMy4,False
"After 7 years, Bob’s army has accomplished its mission.",Why Google+ Failed,https://www.youtube.com/watch?v=ofptIPVKMy4,False
First and great video man,Why Google+ Failed,https://www.youtube.com/watch?v=ofptIPVKMy4,False
The real MVP is Nightbot,Why Google+ Failed,https://www.youtube.com/watch?v=ofptIPVKMy4,False
"Do
You
Know
Who
Is
The
Best?

Read the second line
Have a nice day..",Why Google+ Failed,https://www.youtube.com/watch?v=ofptIPVKMy4,False
I actually used it and liked it. It’s like saying good bye to a old friend now. I’ve made so many friends on that platform,Why Google+ Failed,https://www.youtube.com/watch?v=ofptIPVKMy4,False
Second because everyone say he is first,Why Google+ Failed,https://www.youtube.com/watch?v=ofptIPVKMy4,False
Dropping an F to the chat...,Why Google+ Failed,https://www.youtube.com/watch?v=ofptIPVKMy4,False
I miss Google plus. I lost contact with friends that I knew on there for years. I wonder what they're up to now..,Why Google+ Failed,https://www.youtube.com/watch?v=ofptIPVKMy4,False
FlareTV congrats on 2 million,Why Google+ Failed,https://www.youtube.com/watch?v=ofptIPVKMy4,False
"I'm watching this before the shutdown
I am still actively using g+, because I've been using it for so long and it feels like home. I also think g+ is better in a lot of ways than fb, twitter, tumblr or insta
I was devastated when I first heard the news in late 2018.
I will now be moving to other social media but I already know I'll never have what I had on g+  x')
F",Why Google+ Failed,https://www.youtube.com/watch?v=ofptIPVKMy4,False
I only stopped using it after Google admitted to not telling us there was a vulnerability problem after knowing for several months.,Why Google+ Failed,https://www.youtube.com/watch?v=ofptIPVKMy4,False
YouTube also may shutdown if you won't stop your livestream!,Why Google+ Failed,https://www.youtube.com/watch?v=ofptIPVKMy4,False
Any one here after that google lawsuit thing,Why Google+ Failed,https://www.youtube.com/watch?v=ofptIPVKMy4,False
Google +: Mr. Stark? I don't feel so good...,Why Google+ Failed,https://www.youtube.com/watch?v=ofptIPVKMy4,False
I remember when I used to use Hangouts to talk with my friends and Google+ to share things while we were playing Minecraft with no premium accounts back in 2013. We lost a big one today.,Why Google+ Failed,https://www.youtube.com/watch?v=ofptIPVKMy4,False
Bob has won.,Why Google+ Failed,https://www.youtube.com/watch?v=ofptIPVKMy4,False
"Yeah I remember having to set this up when I stated my YouTube channel in 2016, it was pretty much dead in the water at this point. The only thing I remember finding it useful for was seeing my old profile pictures",Why Google+ Failed,https://www.youtube.com/watch?v=ofptIPVKMy4,False
I scanned your logo. I got rick-rolled.,Why Google+ Failed,https://www.youtube.com/watch?v=ofptIPVKMy4,False
The only time I used Google+ was to stalk a girl in my class. She deleted her profile and haven't used it since,Why Google+ Failed,https://www.youtube.com/watch?v=ofptIPVKMy4,False
Bob is happy,Why Google+ Failed,https://www.youtube.com/watch?v=ofptIPVKMy4,False
I’m watching before the shutdown like your videos and streams,Why Google+ Failed,https://www.youtube.com/watch?v=ofptIPVKMy4,False
I'm gonna miss this app,Why Google+ Failed,https://www.youtube.com/watch?v=ofptIPVKMy4,False
Hundreds of articles is a tiny look into Vatican 2,Why Google+ Failed,https://www.youtube.com/watch?v=ofptIPVKMy4,False
"It's the 2nd, Google + is still here and alive",Why Google+ Failed,https://www.youtube.com/watch?v=ofptIPVKMy4,False
"I just want to say, i think you have the nost drastic channel growth i have ever seen considering you had 100k subs literally 4 months ago",Why Google+ Failed,https://www.youtube.com/watch?v=ofptIPVKMy4,False
I hope.. G+  come back ... New version,Why Google+ Failed,https://www.youtube.com/watch?v=ofptIPVKMy4,False
"I still use it
Because I had friends in the site and we were posting alot of content based on what the community wants
I feel really sad that the site is shutting down and I gonna miss it :(",Why Google+ Failed,https://www.youtube.com/watch?v=ofptIPVKMy4,False
It sucks now I can't change my name without waiting for 90 days,Why Google+ Failed,https://www.youtube.com/watch?v=ofptIPVKMy4,False
Well it's safe to say you can keep me caught up on stuff like this. Thanks.,Why Google+ Failed,https://www.youtube.com/watch?v=ofptIPVKMy4,False
I honestly don't even know what it is,Why Google+ Failed,https://www.youtube.com/watch?v=ofptIPVKMy4,False
To this day i didn't  know that this thing was in Google,Why Google+ Failed,https://www.youtube.com/watch?v=ofptIPVKMy4,False
"Congrats 2 million subs in your channel, keep it up",Why Google+ Failed,https://www.youtube.com/watch?v=ofptIPVKMy4,False
"Can you remember the anime ""metropolis""",Why Google+ Failed,https://www.youtube.com/watch?v=ofptIPVKMy4,False
"On another note, this platform for me was the easiest social media app I ever used.",Why Google+ Failed,https://www.youtube.com/watch?v=ofptIPVKMy4,False
FLARE TV I HAVE BEEN WATCHING YOU WHEN YOU WAS 40K SUBSCRIBER MY MIND BLOW NOW 2 .1 MILLION SUBSCRIBER,Why Google+ Failed,https://www.youtube.com/watch?v=ofptIPVKMy4,False
"Well, now I'm on MeWe and Twitter",Why Google+ Failed,https://www.youtube.com/watch?v=ofptIPVKMy4,False
I didn’t even know this existed,Why Google+ Failed,https://www.youtube.com/watch?v=ofptIPVKMy4,False
DAMNIT FLARETV YOU RICKROLLED ME,Why Google+ Failed,https://www.youtube.com/watch?v=ofptIPVKMy4,False
"when i was ten, i was kicked out of a warrior cats animal jam roleplay group. it was because i had only read like two of the books. they perma banned me from their forums.",Why Google is Shutting Down Google+,https://www.youtube.com/watch?v=xXfNTCItnU8,False
They shut it down so they  can make google++,Why Google is Shutting Down Google+,https://www.youtube.com/watch?v=xXfNTCItnU8,False
"idk if someone's already said this, but indian fact genius is still going on instagram",Why Google is Shutting Down Google+,https://www.youtube.com/watch?v=xXfNTCItnU8,False
"Recommended by google+:

Dying",Why Google is Shutting Down Google+,https://www.youtube.com/watch?v=xXfNTCItnU8,False
Video in about 6-7 months: Why The Internet is Getting Terminated,Why Google is Shutting Down Google+,https://www.youtube.com/watch?v=xXfNTCItnU8,False
"goes on soothouse video
me: what a funny idea! all these posts will be so stupi--
warrior cats oc form pops up
sweats",Why Google is Shutting Down Google+,https://www.youtube.com/watch?v=xXfNTCItnU8,False
Because they want to introduce google–,Why Google is Shutting Down Google+,https://www.youtube.com/watch?v=xXfNTCItnU8,False
"G+ was the only social media I actively used for 5 years.


I remember most of these and I hate it.",Why Google is Shutting Down Google+,https://www.youtube.com/watch?v=xXfNTCItnU8,False
"Broke: 7th

Woke: 7 n d",Why Google is Shutting Down Google+,https://www.youtube.com/watch?v=xXfNTCItnU8,False
I guess bob and his army came out as victors after all.,Why Google is Shutting Down Google+,https://www.youtube.com/watch?v=xXfNTCItnU8,False
When “Paw Patrol Inflation” appeared on screen I had a violent physical reaction,Why Google is Shutting Down Google+,https://www.youtube.com/watch?v=xXfNTCItnU8,False
who remembers all the copy and paste comments about a stick figure named bob who wanted to take down google+,Why Google is Shutting Down Google+,https://www.youtube.com/watch?v=xXfNTCItnU8,False
"Because hardly anyone used it, and the people who did were very ""interesting"" people, to say the least.",Why Google is Shutting Down Google+,https://www.youtube.com/watch?v=xXfNTCItnU8,False
As a G+ user this represents what the site is and we all know it,Why Google is Shutting Down Google+,https://www.youtube.com/watch?v=xXfNTCItnU8,False
I forgot Google + existed lmao,Why Google is Shutting Down Google+,https://www.youtube.com/watch?v=xXfNTCItnU8,False
"""I remember when a Freddo cost 19p"" is complete gibberish to my American brain",Why Google is Shutting Down Google+,https://www.youtube.com/watch?v=xXfNTCItnU8,False
"""How is that an India fact?""
Silence
Next picture",Why Google is Shutting Down Google+,https://www.youtube.com/watch?v=xXfNTCItnU8,False
Remember in 2014 when everyone hated Google plus? Good times...,Why Google is Shutting Down Google+,https://www.youtube.com/watch?v=xXfNTCItnU8,False
"The amount of ""uwu"" in Google+ is poisonous.",Why Google is Shutting Down Google+,https://www.youtube.com/watch?v=xXfNTCItnU8,False
"*sees Paw Patrol community*
Me: Am I dead yet?",Why Google is Shutting Down Google+,https://www.youtube.com/watch?v=xXfNTCItnU8,False
So basically Google+ turned into the Miiverse,Why Google is Shutting Down Google+,https://www.youtube.com/watch?v=xXfNTCItnU8,False
"THANOS FURRY

THANOS FURRY",Why Google is Shutting Down Google+,https://www.youtube.com/watch?v=xXfNTCItnU8,False
My little sister forces me to watch Paw Patrol with her to the point where sometimes I unironically watch it by myself. Thank you for ruining the show for me fellas.,Why Google is Shutting Down Google+,https://www.youtube.com/watch?v=xXfNTCItnU8,False
"Oh ha ha, this video will be funny.

warrior cats oc",Why Google is Shutting Down Google+,https://www.youtube.com/watch?v=xXfNTCItnU8,False
You should have reviewed the 'draw my oc' community. What a sight.,Why Google is Shutting Down Google+,https://www.youtube.com/watch?v=xXfNTCItnU8,False
Bit of misinformation at the start. It wasn't a breach it was a vulnerability that wasn't exploited. The difference being that no one's data was actually stolen. The reason Google kept it quiet is because if they'd have told everyone about it then people could exploit it so instead they quietly fixed it then disclosed it. Standard practise for security vulnerabilities and nothing shady.,Why Google is Shutting Down Google+,https://www.youtube.com/watch?v=xXfNTCItnU8,False
"on the ISS
astronaut 1: hey
astronaut 2: what is it?
astronaut 1: whispers can I use your hotspot?
astronaut 2: why? and why were you whispering?
astronaut 1:  lookin for a gf",Why Google is Shutting Down Google+,https://www.youtube.com/watch?v=xXfNTCItnU8,False
“I remember when a freddo cost 19p” what language is this,Why Google is Shutting Down Google+,https://www.youtube.com/watch?v=xXfNTCItnU8,False
"I remember when I went on there a couple years ago, some 11-12 year old girl kept posting about how she was pregnant.",Why Google is Shutting Down Google+,https://www.youtube.com/watch?v=xXfNTCItnU8,False
"Virgin? Yes
Hotel? Trivago",Why Google is Shutting Down Google+,https://www.youtube.com/watch?v=xXfNTCItnU8,False
"I had a professor in college who taught an online class via Google+. Most of us wanted to use the system that the university had in place on their website like every other teacher in an online class, but he insisted on making us all use Google+.

It was weird interacting with classmates. Just try having a serious academic conversation with somebody going by the name DJ Wolfmouse (no, I did not make that name up, and you bet your ass he had a grey and neon green wolf/mouse hybrid furry as a profile picture).",Why Google is Shutting Down Google+,https://www.youtube.com/watch?v=xXfNTCItnU8,False
"I liked to imagine G+, and the internet at large, as a wasteland. You're typically fine as long as you stick together with your little community, but if you go out and explore you'll find some really creepy, discomforting stuff.

I myself found quite a comfortable little home in a Halo RP. The moderators took it really seriously with an ongoing, original narrative that everyones' RPs had to fit into. They felt that RPing is a bit like writing a story: only you do it with other people. As such, your RPs had to be written like a story; no first-person commentary, no 'script talk'. Proper writing. I definitely miss it and the people I came to know there.",Why Google is Shutting Down Google+,https://www.youtube.com/watch?v=xXfNTCItnU8,False
Oh god all the suppressed memories of Warrior cat roleplay and edgy teens who hate everything communities are coming back.,Why Google is Shutting Down Google+,https://www.youtube.com/watch?v=xXfNTCItnU8,False
"""Monday is the most common date for suicide"" no wonder why Garfield hates Mondays.",Why Google is Shutting Down Google+,https://www.youtube.com/watch?v=xXfNTCItnU8,False
"1:03 as a person who still has a 32 chapter long forever unfinished warrior cats fanfic with over 10K views in Wattpad, this has given me flashbacks. The only reason I haven’t deleted it is because I can’t remember the password to my account",Why Google is Shutting Down Google+,https://www.youtube.com/watch?v=xXfNTCItnU8,False
Getting nostalgia from when everyone hated google plus,Why Google is Shutting Down Google+,https://www.youtube.com/watch?v=xXfNTCItnU8,False
"I remember how I once got suspended from Google Plus because I was ""sharing too much"" in different groups that they thought I was spamming. This was back when the Google Plus integration into YouTube was in effect so I couldn't comment on any of the videos I was watching for a whole month. I had to tweet a
the video back at the uploader on Twitter to let them know that I thought their joke sucked.",Why Google is Shutting Down Google+,https://www.youtube.com/watch?v=xXfNTCItnU8,False
(11:43) I'm in awe at the size of this lad...absolute UNIT,Why Google is Shutting Down Google+,https://www.youtube.com/watch?v=xXfNTCItnU8,False
"wow, they got their data breached? hope all 11 users are doing ok!",Why Google is Shutting Down Google+,https://www.youtube.com/watch?v=xXfNTCItnU8,False
has google+ become a mixture of tinder and tumblr with some deviantart in it?,Why Google is Shutting Down Google+,https://www.youtube.com/watch?v=xXfNTCItnU8,False
"Please stop, you’re giving me flashbacks to my warrior cat roleplay days",Why Google is Shutting Down Google+,https://www.youtube.com/watch?v=xXfNTCItnU8,False
"5:30 ibuki mioda would never........
edit: actually yes she probably would. my bad",Why Google is Shutting Down Google+,https://www.youtube.com/watch?v=xXfNTCItnU8,False
"☻/ This is bob. And he finally did it
/▌
/\",Why Google is Shutting Down Google+,https://www.youtube.com/watch?v=xXfNTCItnU8,False
"Google + was my first social media

Talk about baby's first mistake",Why Google is Shutting Down Google+,https://www.youtube.com/watch?v=xXfNTCItnU8,False
"Funnily enough, Wendy's leaked a ton of credit card data in 2015. So yeah, even Wendy's does that.",Why Google is Shutting Down Google+,https://www.youtube.com/watch?v=xXfNTCItnU8,False
"I remember getting confused on a G+ poll when I was in year 6 and I didn’t realised that I had dissed someone’s art on complete accident.
I came back after school to several hate messages on the community and my dms about my art and how shitty is was.
G+ was fucking toxic.",Why Google is Shutting Down Google+,https://www.youtube.com/watch?v=xXfNTCItnU8,False
"We did it boys 
 ☻/ 
/▌ 
/ \
Only took about 4-5 years",Why Google is Shutting Down Google+,https://www.youtube.com/watch?v=xXfNTCItnU8,False
This is so sad. can we give out everyones data?,Why Google is Shutting Down Google+,https://www.youtube.com/watch?v=xXfNTCItnU8,False
"I remember when I was 8 I would put pictures of sliced meat on my google plus and tag my dad with the caption “daddy would you like some sausage, daddy would you like some sausages”",Why Google is Shutting Down Google+,https://www.youtube.com/watch?v=xXfNTCItnU8,False
"""Welcome to Girl World
Confessions of a teenager""

"" WeLcOMe tO tHe GUrl WurlD ""
""  """,Why Google is Shutting Down Google+,https://www.youtube.com/watch?v=xXfNTCItnU8,False
"Please end that hellsite once and for all

Sincerely, an avid Google+ user.",Why Google is Shutting Down Google+,https://www.youtube.com/watch?v=xXfNTCItnU8,False
Oh no that’s a warrior cats oc,Why Google is Shutting Down Google+,https://www.youtube.com/watch?v=xXfNTCItnU8,False
Your background is basically a black and white version of the Imperial Japanese flag.,Why Google is Shutting Down Google+,https://www.youtube.com/watch?v=xXfNTCItnU8,False
"5:30 i don’t think anyone will get this, but this person has an ibuki mioda profile picture and it’s so painfully accurate because ibuki would have a roar competition unironically in the middle of a real life conversation.",Why Google is Shutting Down Google+,https://www.youtube.com/watch?v=xXfNTCItnU8,False
It's not a true Soothouse video without furries,Why Google is Shutting Down Google+,https://www.youtube.com/watch?v=xXfNTCItnU8,False
To bring back the Miiverse,Why Google is Shutting Down Google+,https://www.youtube.com/watch?v=xXfNTCItnU8,False
"Google: shuts down google+
Youtube: NANI?!",Why Google is Shutting Down Google+,https://www.youtube.com/watch?v=xXfNTCItnU8,False
"3:51 Funny story:
I am the owner of that account.
Made it like ten years ago with the name ""Minecraftkings20"" or something.
Then I renamed it to THAT to troll Fortnite streamers.",Why Google is Shutting Down Google+,https://www.youtube.com/watch?v=xXfNTCItnU8,False
S A X A P H O N E S,Why Google is Shutting Down Google+,https://www.youtube.com/watch?v=xXfNTCItnU8,False
oh god the furry rps...they found them,Why Google is Shutting Down Google+,https://www.youtube.com/watch?v=xXfNTCItnU8,False
Google+ is like the getto parts of social media,Why Google is Shutting Down Google+,https://www.youtube.com/watch?v=xXfNTCItnU8,False
"Paw. Patrol. Inflation. 


Christ almighty have mercy on us",Why Google is Shutting Down Google+,https://www.youtube.com/watch?v=xXfNTCItnU8,False
5:26 OH MY GOD I HAD A LAUGHING FIT AT 11 PM WHY WILL,Why Google is Shutting Down Google+,https://www.youtube.com/watch?v=xXfNTCItnU8,False
aren't the paw patrol pups like 2 minutes old,Why Google is Shutting Down Google+,https://www.youtube.com/watch?v=xXfNTCItnU8,False
"t h e  s e c r e t  s y r u p


I dunno man sometimes I worry about yall",Why Google is Shutting Down Google+,https://www.youtube.com/watch?v=xXfNTCItnU8,False
David's dad is literally just David 2,Why Google is Shutting Down Google+,https://www.youtube.com/watch?v=xXfNTCItnU8,False
T W E N T Y   N I N E   M O O N S,Why Google is Shutting Down Google+,https://www.youtube.com/watch?v=xXfNTCItnU8,False
Ten years from now no one will remember what google+ even was,Why Google is Shutting Down Google+,https://www.youtube.com/watch?v=xXfNTCItnU8,False
When you’re American so you don’t know what a Freddo is,Why Google is Shutting Down Google+,https://www.youtube.com/watch?v=xXfNTCItnU8,False
13:09  whoever made this comment is either a time traveler or a prophet,Why Google is Shutting Down Google+,https://www.youtube.com/watch?v=xXfNTCItnU8,False
I've always wanted to visit New and Bamamas,Why Google is Shutting Down Google+,https://www.youtube.com/watch?v=xXfNTCItnU8,False
a tragedy for all 12 users,Why Google is Shutting Down Google+,https://www.youtube.com/watch?v=xXfNTCItnU8,False
I feel like furries instinctively attempt to include genitalia in responses to many things,Why Google is Shutting Down Google+,https://www.youtube.com/watch?v=xXfNTCItnU8,False
1:07 its a warrior oc. Warriors is a book where cats run around in a nudist cult that hates the other groups of cats because the stars said so.. They have doctors that can speak to god and a moon means month. Hijinks ensue. They also have prefix-suffix names like Echowing (Echo-wing),Why Google is Shutting Down Google+,https://www.youtube.com/watch?v=xXfNTCItnU8,False
"Ah, I remember the Google+ integration with YouTube a while back. Not sorry to see it go; this proves it was for the best.",Why Google is Shutting Down Google+,https://www.youtube.com/watch?v=xXfNTCItnU8,False
Google + will soon become Google -,Why Google is Shutting Down Google+,https://www.youtube.com/watch?v=xXfNTCItnU8,False
hasn't used Google+ since 2014 oh nooooo,Why Google is Shutting Down Google+,https://www.youtube.com/watch?v=xXfNTCItnU8,False
Oh shit they found the Warrior cats roleplay-,Why Google is Shutting Down Google+,https://www.youtube.com/watch?v=xXfNTCItnU8,False
"I had no idea google+ was a social media.

Probably because it's confusing as shit to try to use and I don't want to waste time learning how.",Why Google is Shutting Down Google+,https://www.youtube.com/watch?v=xXfNTCItnU8,False
"First post: Flashbacks from my time role-playing Warrior cats on G+
Then I heard ""Virgin?"" And I spit out my drink.",Why Google is Shutting Down Google+,https://www.youtube.com/watch?v=xXfNTCItnU8,False
Bro the first person saying “RAWWWR” and “MY PEOPLE” had an Ibuki profile picture and I wanna die because I like danganronpa and I don’t want to be associated with that,Why Google is Shutting Down Google+,https://www.youtube.com/watch?v=xXfNTCItnU8,False
"Am I the only one that remembers the infamous ""Bob is building an army to attack Google+"" cpoypasta?",Why Google is Shutting Down Google+,https://www.youtube.com/watch?v=xXfNTCItnU8,False
"Stuff that happened when I was on G+
- Draw my OC community troll raid
- saw some image of a woman with the throat cut open because someone misspelled world as wold
- Countless images of skinned coyotes in the Draw My OC community, not even a troll just a taxidermist
- a lot of people claiming to hack communities and accounts, they were mocked a lot
- i did shitpost rps. aka Leo from fire emblem is here to throw trees at people, play chess and nothing else
- uhh I called seto kaiba something that I don’t know if I regret but now it’s part of my personal identity among my friends
- I drew like 3 good things everything else was horrible",Why Google is Shutting Down Google+,https://www.youtube.com/watch?v=xXfNTCItnU8,False
We need a video of just India facts,Why Google is Shutting Down Google+,https://www.youtube.com/watch?v=xXfNTCItnU8,False
"Google+ was great while it lasted
We had great memes and even had a hand in fighting ISIS
Now it's just going to be remembered for shitty/cringey rp communities",Why Google is Shutting Down Google+,https://www.youtube.com/watch?v=xXfNTCItnU8,False
Petition for Mostyn to be an official Soothouse member.,Why Google is Shutting Down Google+,https://www.youtube.com/watch?v=xXfNTCItnU8,False
Dude I just got a 5 minutes ad from Korea net and it was the coolest shit ever it looked like an actual movie trailer and even ended on a cliffhanger wtf since when are ads enjoyable?,Why Google is Shutting Down Google+,https://www.youtube.com/watch?v=xXfNTCItnU8,False
"I used to be one of those furry rpers about 3-5 years ago (I wasn't this bad but still). Those were dark times,  my friend. Glad I finally came to my senses,  though.",Why Google is Shutting Down Google+,https://www.youtube.com/watch?v=xXfNTCItnU8,False
"As a G+ veteran, you guys have not seen the true horror of that site.",Why Google is Shutting Down Google+,https://www.youtube.com/watch?v=xXfNTCItnU8,False
I love how they don’t have pop shields so there is just massive boom sounds when they talk.,Why Google is Shutting Down Google+,https://www.youtube.com/watch?v=xXfNTCItnU8,False
"NEXT
why soothouse is shutting down",Why Google is Shutting Down Google+,https://www.youtube.com/watch?v=xXfNTCItnU8,False
"I'm a Google+ user
And I'm staying on this shitshow of a ship till the last seconds",Why Google is Shutting Down Google+,https://www.youtube.com/watch?v=xXfNTCItnU8,False
"""pfft- these are going to be full of deviant-art quality vore and-""

Warrior Cat OC.


""o..""",Why Google is Shutting Down Google+,https://www.youtube.com/watch?v=xXfNTCItnU8,False
How will I do my soothouse roleplay if google plus is gone.,Why Google is Shutting Down Google+,https://www.youtube.com/watch?v=xXfNTCItnU8,False
I used to use Google +...then i moved on to tumblr...probably not an upgrade.,Why Google is Shutting Down Google+,https://www.youtube.com/watch?v=xXfNTCItnU8,False
i found out that one of my friends are pals with the creator of the f a t / b l o a t e d paw patrol G+ and i want to die,Why Google is Shutting Down Google+,https://www.youtube.com/watch?v=xXfNTCItnU8,False
"Google+: Shuts down due to a data leak
Discord: Hold my beer.",Why Google is Shutting Down Google+,https://www.youtube.com/watch?v=xXfNTCItnU8,False
0:07 Empire of the rising Soothouse?,Why Google is Shutting Down Google+,https://www.youtube.com/watch?v=xXfNTCItnU8,False
"5:38
Rawr, Rawr, RASPUTIN, LOVER OF THE RUSSIAN QUEEN",Why Google is Shutting Down Google+,https://www.youtube.com/watch?v=xXfNTCItnU8,False
"Actually, Google Plus was my first social media account. I still use it to this day and I will genuinely miss the site. Unpopular opinion, to be sure.",Why Google is Shutting Down Google+,https://www.youtube.com/watch?v=xXfNTCItnU8,False
"I miss it
 I made new friends. We used to post photos. It was fun. I miss my friends.",Google+ was terrible,https://www.youtube.com/shorts/3EJ1qczG_pw,True
Google Plus was way way more welcoming than Reddit,Google+ was terrible,https://www.youtube.com/shorts/3EJ1qczG_pw,True
Not gonna lie i honestly miss it. I was apart of some good community groups on that app,Google+ was terrible,https://www.youtube.com/shorts/3EJ1qczG_pw,True
"The bottomline is: it lacked a clear value proposition. IOW, what was it's unique selling point?",Google+ was terrible,https://www.youtube.com/shorts/3EJ1qczG_pw,True
It was great at collecting media. Terrible at the social part.,Google+ was terrible,https://www.youtube.com/shorts/3EJ1qczG_pw,True
Couldn't use Facebook in school so I'll leave it at that.,Google+ was terrible,https://www.youtube.com/shorts/3EJ1qczG_pw,True
I had a fake band with a friend in around 2013. We only had a google+ and myspace account to advertise it,Google+ was terrible,https://www.youtube.com/shorts/3EJ1qczG_pw,True
Still have Google+ on my old phone it was an interesting experience.,Google+ was terrible,https://www.youtube.com/shorts/3EJ1qczG_pw,True
google plus WAS just the type of app u had on ur phone but never once opened it,Google+ was terrible,https://www.youtube.com/shorts/3EJ1qczG_pw,True
"It feels, odd, that what I experienced wasn't nearly as widespread as what it looked like from the middle of it.
It was, bad.",Google+ was terrible,https://www.youtube.com/shorts/3EJ1qczG_pw,True
Nah honestly some of the best online friends i ever had were there. The ac role-playing community went hard back in 2014,Google+ was terrible,https://www.youtube.com/shorts/3EJ1qczG_pw,True
"i do tmemeber Google+ but i remember the fall of the app
the fall was the worst",Google+ was terrible,https://www.youtube.com/shorts/3EJ1qczG_pw,True
It was on my old LG tablet but I never used it,Google+ was terrible,https://www.youtube.com/shorts/3EJ1qczG_pw,True
I was original beta tester for google plus I honestly hated,Google+ was terrible,https://www.youtube.com/shorts/3EJ1qczG_pw,True
"I had Google plus when I was in school, back, then One Direction was all the rage so people kept posting pictures of the band and how much they loved them. 

I also remember reading Aunty acid posts.  Apart from that, the one thing that I remember clearly were the haunted messages that people used to send.",Google+ was terrible,https://www.youtube.com/shorts/3EJ1qczG_pw,True
"Honestly, Google+ was actually pretty cool back in the day.",Google+ was terrible,https://www.youtube.com/shorts/3EJ1qczG_pw,True
When i made my first made my google account it was still around i used it intil it died because my family used it,Google+ was terrible,https://www.youtube.com/shorts/3EJ1qczG_pw,True
Community feature was so good.,Google+ was terrible,https://www.youtube.com/shorts/3EJ1qczG_pw,True
I remember & I still have it on my 2014 Lenovo B6000F,Google+ was terrible,https://www.youtube.com/shorts/3EJ1qczG_pw,True
"I remember a red indian frnd during google plus days,now no contact with her",Google+ was terrible,https://www.youtube.com/shorts/3EJ1qczG_pw,True
G is further than f in the alphabet,Google+ was terrible,https://www.youtube.com/shorts/3EJ1qczG_pw,True
I used it from 2015 to 2017 and yeah it was very cringe i posted alot of cringe atuff up there lol,Google+ was terrible,https://www.youtube.com/shorts/3EJ1qczG_pw,True
"heres the proof that money doenst make you succesful. this guys could had created something new but NOPE...they just lazily copy the idea and do it wrong, ruining everything.

its like mark z metaVERSE that was a huge flop.",Google+ was terrible,https://www.youtube.com/shorts/3EJ1qczG_pw,True
Fathbook,Google+ was terrible,https://www.youtube.com/shorts/3EJ1qczG_pw,True
I love Google Plus,Google+ was terrible,https://www.youtube.com/shorts/3EJ1qczG_pw,True
GOOGLE+ NOOOOOOO AHHHHGHH,Google+ was terrible,https://www.youtube.com/shorts/3EJ1qczG_pw,True
Circles. cool that was..Remember?,Google+ was terrible,https://www.youtube.com/shorts/3EJ1qczG_pw,True
If he had only taken his own advice on his metaverse shitshow.,Zuckerberg on Why Google Plus Failed,https://www.youtube.com/shorts/loxXFtYJ2C4,True
this guy talking about original ideas but now copies everything,Zuckerberg on Why Google Plus Failed,https://www.youtube.com/shorts/loxXFtYJ2C4,True
G+ is the first comparison to Threads I thought of...,Zuckerberg on Why Google Plus Failed,https://www.youtube.com/shorts/loxXFtYJ2C4,True
Lol then he released Threads,Zuckerberg on Why Google Plus Failed,https://www.youtube.com/shorts/loxXFtYJ2C4,True
Close encounters of the TURD kind,Zuckerberg on Why Google Plus Failed,https://www.youtube.com/shorts/loxXFtYJ2C4,True
having something unique to add...like actually banning bot. pray for bluesky.,Zuckerberg on Why Google Plus Failed,https://www.youtube.com/shorts/loxXFtYJ2C4,True
"Yeah like
In Facebook or Instagram 
Every post is inappropriate bots 18+",Zuckerberg on Why Google Plus Failed,https://www.youtube.com/shorts/loxXFtYJ2C4,True
Who is his Meta  ???,Zuckerberg on Why Google Plus Failed,https://www.youtube.com/shorts/loxXFtYJ2C4,True
Meta is the renamed Facebook brand,Zuckerberg on Why Google Plus Failed,https://www.youtube.com/shorts/loxXFtYJ2C4,True
Google Plus Was Better Than Facebook,Zuckerberg on Why Google Plus Failed,https://www.youtube.com/shorts/loxXFtYJ2C4,True
It was the best,Zuckerberg on Why Google Plus Failed,https://www.youtube.com/shorts/loxXFtYJ2C4,True
Bum bum buuuuuum,Zuckerberg on Why Google Plus Failed,https://www.youtube.com/shorts/loxXFtYJ2C4,True
Threads ……,Zuckerberg on Why Google Plus Failed,https://www.youtube.com/shorts/loxXFtYJ2C4,True
Damn this did NOT age well,Zuckerberg on Why Google Plus Failed,https://www.youtube.com/shorts/loxXFtYJ2C4,True
"The man have no idea of what he’s doing on the metaverse, he dumb the meta to the garbage. He turned the Facebook to Facebook marketplace and Facebook shop, that’s the reason why TikTok is better.. he should step down..",Zuckerberg on Why Google Plus Failed,https://www.youtube.com/shorts/loxXFtYJ2C4,True
Tiktok,Zuckerberg on Why Google Plus Failed,https://www.youtube.com/shorts/loxXFtYJ2C4,True
Did you ever try Google+?,What Happened to Google+? The Story Behind Googles Biggest Ever Failure,https://www.youtube.com/watch?v=NNbVHcnnWIc,False
"I think Google+ was a really good site, particularly before most of its features were separated into multiple apps, i.e. Hangouts. The one reason the product failed is because of Google's idiocy. Google has a knack for taking things that work, and breaking them in the name of ""improving user experience"", the only reason they haven't caused the death of YouTube is that YouTube has 0 competitors.  Remember Inbox and all the hype around it? A year or two later it was discontinued. 

I have never seen a more volatile tech company in my life, as far as software products go. This behaviour also extends into their developer ecosystem. They would introduce a new API for Android and tout it as ""the way forward"", then a few years later, they deprecate it...",What Happened to Google+? The Story Behind Googles Biggest Ever Failure,https://www.youtube.com/watch?v=NNbVHcnnWIc,False
"Google+ was the only social media site that I actually liked. The Circles feature was amazing, and the design was very modern compared to it's competitors at the time. A lot of casual social media users called it a ghost town, but the reality is that the Tech and Art communities were absolutely thriving on it. Uncountable numbers of posts were made daily in tech and art related groups. Ever since it shut down, I've never actively used another social media site again.

Google once again ruining a great product.",What Happened to Google+? The Story Behind Googles Biggest Ever Failure,https://www.youtube.com/watch?v=NNbVHcnnWIc,False
Google+ had a few tech communities I was joined to which I really enjoyed. Even though that wasn't Google's aim really I appreciated it for what it was!,What Happened to Google+? The Story Behind Googles Biggest Ever Failure,https://www.youtube.com/watch?v=NNbVHcnnWIc,False
"Anyone else remember the ""This is Bob, copy and paste him so he can take down Google+"" memes?",What Happened to Google+? The Story Behind Googles Biggest Ever Failure,https://www.youtube.com/watch?v=NNbVHcnnWIc,False
I remember many use G+ as RolePlaying. I was there and Communities was the best way to make friends for liking a genre or video game fan. It was fun,What Happened to Google+? The Story Behind Googles Biggest Ever Failure,https://www.youtube.com/watch?v=NNbVHcnnWIc,False
man I miss Google plus. I made so many friends on there. fortunately I manage to stay in contact with a good amount of them after it went down but I never saw the rest of them again.,What Happened to Google+? The Story Behind Googles Biggest Ever Failure,https://www.youtube.com/watch?v=NNbVHcnnWIc,False
I loved google plus and I really enjoyed the communities I was a part of on there. Google killed it itself by trying to fix something that wasn't broken.,What Happened to Google+? The Story Behind Googles Biggest Ever Failure,https://www.youtube.com/watch?v=NNbVHcnnWIc,False
I hated Google plus because it forced me to join without my consent and the ability to use YouTube. Felt like a hostage.,What Happened to Google+? The Story Behind Googles Biggest Ever Failure,https://www.youtube.com/watch?v=NNbVHcnnWIc,False
"Well, Google is now planning to ""wind down"" Google Currents in 2023 and migrate its users to Google Chat.

The last remnant of Google+ will soon be no more...",What Happened to Google+? The Story Behind Googles Biggest Ever Failure,https://www.youtube.com/watch?v=NNbVHcnnWIc,False
I miss Google plus I was in a lot of groups on that site from when I used it from 2012-2017,What Happened to Google+? The Story Behind Googles Biggest Ever Failure,https://www.youtube.com/watch?v=NNbVHcnnWIc,False
"Ima be honest, I still miss it at times. I was a very “loyal” user to it (by loyal I mean I used it a lot and thought it was good so I’d recommend it to other people and tell them about it lmao) and used it nonstop everyday 24/7. Mades loads of friends and had tons of fun, but also had tons of bad things happen such as people harassing me or friends for the dumbest things.
Unfortunately when it got deleted, I lost all that and at least 5 almost 6 years worth of art and characters as well as friends who I never could find a way to find again. 
So, it was fun while it existed, but at the same time, I’m glad that it’s gone because of all the bad shit and drama that was unnecessarily shoved into your throat for no reason.",What Happened to Google+? The Story Behind Googles Biggest Ever Failure,https://www.youtube.com/watch?v=NNbVHcnnWIc,False
"I still remember liking photos of cars and nature. I feel it like yesterday, I hope to experience that time once more",What Happened to Google+? The Story Behind Googles Biggest Ever Failure,https://www.youtube.com/watch?v=NNbVHcnnWIc,False
The trolls on Google plus tho oh my god. That was a thrill of a ride,What Happened to Google+? The Story Behind Googles Biggest Ever Failure,https://www.youtube.com/watch?v=NNbVHcnnWIc,False
"I remember when I started using Google Plus when I was getting severely bullied in school. I had fun, but I'm pretty sure I was being groomed by someone I talked to everyday, idk why. But I was heartbroken when they suddenly stopped talking to me.",What Happened to Google+? The Story Behind Googles Biggest Ever Failure,https://www.youtube.com/watch?v=NNbVHcnnWIc,False
I used to be an avid user in 2014. I made some good internet friends I still talk to about video games. It was a decent site,What Happened to Google+? The Story Behind Googles Biggest Ever Failure,https://www.youtube.com/watch?v=NNbVHcnnWIc,False
FORCED to join a social network that no one EVER wanted any part with....just for posting a simple comment >:-(,What Happened to Google+? The Story Behind Googles Biggest Ever Failure,https://www.youtube.com/watch?v=NNbVHcnnWIc,False
"Anyone remember that hellish community called ""Draw my oc"" for and was for art and OCs? I swear this place could get an entire video of it's own explaining all it's dramas if it wasn't all lost.",What Happened to Google+? The Story Behind Googles Biggest Ever Failure,https://www.youtube.com/watch?v=NNbVHcnnWIc,False
"I spent my early middle school years with Google+ and it was fun back then :) Had a lot of friendship and a popular local community... Rememberin all those art sharing, memes, questions feels kinda bitter haha. It was a short but pleasant phase.",What Happened to Google+? The Story Behind Googles Biggest Ever Failure,https://www.youtube.com/watch?v=NNbVHcnnWIc,False
Starts at 4:08,What Happened to Google+? The Story Behind Googles Biggest Ever Failure,https://www.youtube.com/watch?v=NNbVHcnnWIc,False
I honestly remember using Google Plus a lot in my middle school and early high School Days until the day the plug got pulled I lost most of all my social media friends sadly and truly.,What Happened to Google+? The Story Behind Googles Biggest Ever Failure,https://www.youtube.com/watch?v=NNbVHcnnWIc,False
"i miss it so muchi had soooo many pictures that are gone now, i wish i could get them back, they hold so many memories from my childhood/teen years",What Happened to Google+? The Story Behind Googles Biggest Ever Failure,https://www.youtube.com/watch?v=NNbVHcnnWIc,False
Oh man... my Nexus S and Google + in 2011 was such a fun experience. Google + was fun but just always an odd kinda thing to me. It had a lot of cool features but had a learning curve to it.,What Happened to Google+? The Story Behind Googles Biggest Ever Failure,https://www.youtube.com/watch?v=NNbVHcnnWIc,False
"It had almost everything you wanted, but the circles need work. It felt kinda forced. The site was very hard to navigate for new comers. There wasn't really a reason to switch. Oh and the data breaches.",What Happened to Google+? The Story Behind Googles Biggest Ever Failure,https://www.youtube.com/watch?v=NNbVHcnnWIc,False
"Ngl I miss G+ I used it for a good 3/4 years :[ 
I met all talented and weird people but it was fun in general 
Can’t believe I lost contacts with them all (except one person and it’s been like 6/7 years now since we’ve known each other)",What Happened to Google+? The Story Behind Googles Biggest Ever Failure,https://www.youtube.com/watch?v=NNbVHcnnWIc,False
"google + was the wild west of social medias 

i miss it so much :(",What Happened to Google+? The Story Behind Googles Biggest Ever Failure,https://www.youtube.com/watch?v=NNbVHcnnWIc,False
Only made that sh*t because it was the only way to keep my (current) YouTube account. It was disgusting forced on us.,What Happened to Google+? The Story Behind Googles Biggest Ever Failure,https://www.youtube.com/watch?v=NNbVHcnnWIc,False
"They have transformed their YouTube platform into more of a social media network, and this transition is gradually taking place.",What Happened to Google+? The Story Behind Googles Biggest Ever Failure,https://www.youtube.com/watch?v=NNbVHcnnWIc,False
I remember that stupid “Real Name policy”.,What Happened to Google+? The Story Behind Googles Biggest Ever Failure,https://www.youtube.com/watch?v=NNbVHcnnWIc,False
I hope they bring it back. It was more of meeting your people. The right circle for you.,What Happened to Google+? The Story Behind Googles Biggest Ever Failure,https://www.youtube.com/watch?v=NNbVHcnnWIc,False
A nice and tidy video. Thank you.,What Happened to Google+? The Story Behind Googles Biggest Ever Failure,https://www.youtube.com/watch?v=NNbVHcnnWIc,False
"This video came much quicker than I expected it to (and certainly much quicker than ""a couple of weeks"" like what was previously said)! Nice work!

Also, why is the ""Google+"" logo in the thumbnail unusually dark?",What Happened to Google+? The Story Behind Googles Biggest Ever Failure,https://www.youtube.com/watch?v=NNbVHcnnWIc,False
"Never liked Google+, used it like once or twice and then abandoned it, it was forced and it was boring.",What Happened to Google+? The Story Behind Googles Biggest Ever Failure,https://www.youtube.com/watch?v=NNbVHcnnWIc,False
i loved sharing my art on Google Plus,What Happened to Google+? The Story Behind Googles Biggest Ever Failure,https://www.youtube.com/watch?v=NNbVHcnnWIc,False
"I was on Google+ when I was an eeny-miny preteen, and I found my bff there, so I do hold it near my heart. I remember quite liking my experience there; the Circles and Communities functions were awesome, the feed design was sleek and the young otakus were thriving. Too bad it's dead now.",What Happened to Google+? The Story Behind Googles Biggest Ever Failure,https://www.youtube.com/watch?v=NNbVHcnnWIc,False
My cousins grandpa still has google+ to his day but it’s on his old phone that he doesn’t use anymore,What Happened to Google+? The Story Behind Googles Biggest Ever Failure,https://www.youtube.com/watch?v=NNbVHcnnWIc,False
"I just came here, because i only just remembered about it",What Happened to Google+? The Story Behind Googles Biggest Ever Failure,https://www.youtube.com/watch?v=NNbVHcnnWIc,False
"Lol I was wondering why you said orkut didnt work out, but I'm from Brasil so that makes sense",What Happened to Google+? The Story Behind Googles Biggest Ever Failure,https://www.youtube.com/watch?v=NNbVHcnnWIc,False
I rocked with G+. I wish they didn't shut it down.,What Happened to Google+? The Story Behind Googles Biggest Ever Failure,https://www.youtube.com/watch?v=NNbVHcnnWIc,False
I assumed it died in 2015 or something. It was still around until 2019?,What Happened to Google+? The Story Behind Googles Biggest Ever Failure,https://www.youtube.com/watch?v=NNbVHcnnWIc,False
I used to use g+,What Happened to Google+? The Story Behind Googles Biggest Ever Failure,https://www.youtube.com/watch?v=NNbVHcnnWIc,False
I miss Google+,What Happened to Google+? The Story Behind Googles Biggest Ever Failure,https://www.youtube.com/watch?v=NNbVHcnnWIc,False
"Orkut was extremely popular in Brazil and India, more than MySpace",What Happened to Google+? The Story Behind Googles Biggest Ever Failure,https://www.youtube.com/watch?v=NNbVHcnnWIc,False
It felt good trolling different users on Google+.  Sad to see it’s gone.,What Happened to Google+? The Story Behind Googles Biggest Ever Failure,https://www.youtube.com/watch?v=NNbVHcnnWIc,False
they should bring back google+ to compete with more professional/career social media platforms like linked in. I think they would be really receptive,What Happened to Google+? The Story Behind Googles Biggest Ever Failure,https://www.youtube.com/watch?v=NNbVHcnnWIc,False
I had made many friends on YouTube through G+ and spent many hours a week using it. I've never like F.,What Happened to Google+? The Story Behind Googles Biggest Ever Failure,https://www.youtube.com/watch?v=NNbVHcnnWIc,False
I loved it,What Happened to Google+? The Story Behind Googles Biggest Ever Failure,https://www.youtube.com/watch?v=NNbVHcnnWIc,False
I only searched what google+ was because of smb crossover,What Happened to Google+? The Story Behind Googles Biggest Ever Failure,https://www.youtube.com/watch?v=NNbVHcnnWIc,False
"common people don't deserve high quality products like google +, they didn't support it back then and now, all of us are badly missing it.",What Happened to Google+? The Story Behind Googles Biggest Ever Failure,https://www.youtube.com/watch?v=NNbVHcnnWIc,False
"I actually miss it. It was fun for a while, and i wish it could come back. If it was back to the way it was with more moderation, I definitely would use it again, probably more than I use Facebook (which is very rare)",What Happened to Google+? The Story Behind Googles Biggest Ever Failure,https://www.youtube.com/watch?v=NNbVHcnnWIc,False
Bruhhh I loved Google plus,What Happened to Google+? The Story Behind Googles Biggest Ever Failure,https://www.youtube.com/watch?v=NNbVHcnnWIc,False
What happened was Bob and his army,What Happened to Google+? The Story Behind Googles Biggest Ever Failure,https://www.youtube.com/watch?v=NNbVHcnnWIc,False
"I first used google+ in the beginning In 2015 when I had my 2nd phone called the zte zinger I got for Christmas in 2014, I really miss it",What Happened to Google+? The Story Behind Googles Biggest Ever Failure,https://www.youtube.com/watch?v=NNbVHcnnWIc,False
I miss it it was cool and I remember they added the photo enhancement and editing feature it was great seems everything is shutting down yahoo answers blackberry and g+,What Happened to Google+? The Story Behind Googles Biggest Ever Failure,https://www.youtube.com/watch?v=NNbVHcnnWIc,False
Google+ was the only legit way to get verified on YouTube with a very low subscriber count. too bad its not available anymore.,What Happened to Google+? The Story Behind Googles Biggest Ever Failure,https://www.youtube.com/watch?v=NNbVHcnnWIc,False
i would sell a kidney to bring back google plus. it was my childhood from 2014-17,What Happened to Google+? The Story Behind Googles Biggest Ever Failure,https://www.youtube.com/watch?v=NNbVHcnnWIc,False
I used to use this so much lol but i was in some weird hangouts,What Happened to Google+? The Story Behind Googles Biggest Ever Failure,https://www.youtube.com/watch?v=NNbVHcnnWIc,False
I really miss google +,What Happened to Google+? The Story Behind Googles Biggest Ever Failure,https://www.youtube.com/watch?v=NNbVHcnnWIc,False
I miss Google+,What Happened to Google+? The Story Behind Googles Biggest Ever Failure,https://www.youtube.com/watch?v=NNbVHcnnWIc,False
Is Google still failing society if other platforms' search results can be more accurate in comparisons of search results?,What Happened to Google+? The Story Behind Googles Biggest Ever Failure,https://www.youtube.com/watch?v=NNbVHcnnWIc,False
Didn't see the point of Google+ it. It was being forced on OG youtube users and everyone hated it. All it ever was is an excuse to tie Google login into personal user data,What Happened to Google+? The Story Behind Googles Biggest Ever Failure,https://www.youtube.com/watch?v=NNbVHcnnWIc,False
"Wished I used it more as a kid, I remember the real david hasselhoff followed me.",What Happened to Google+? The Story Behind Googles Biggest Ever Failure,https://www.youtube.com/watch?v=NNbVHcnnWIc,False
Is it possible for Google Plus to come back to 2022? I still have mewe that similar to google plus.,What Happened to Google+? The Story Behind Googles Biggest Ever Failure,https://www.youtube.com/watch?v=NNbVHcnnWIc,False
"it was lightweight, elegant, easy to understand, you could direct your posts to very specific audiences. The only isuue was no one was there.
I would have left Facebook for it in second if it was just a little populated.",What Happened to Google+? The Story Behind Googles Biggest Ever Failure,https://www.youtube.com/watch?v=NNbVHcnnWIc,False
720p?,What Happened to Google+? The Story Behind Googles Biggest Ever Failure,https://www.youtube.com/watch?v=NNbVHcnnWIc,False
"The only thing I remember about it was that it offered a convenient way for YouTube comment trolls to organize, which was kind of funny.",What Happened to Google+? The Story Behind Googles Biggest Ever Failure,https://www.youtube.com/watch?v=NNbVHcnnWIc,False
"I liked the communities (or whatever they were called)

In particular, there was this *ahem* yaoi centered one, which allowed nsfw content and I met a lot of cool people. And it was active too! A lot of artists posting daily. Sadly, it either got hacked or someone was wrongly trusted with moderator capabilities, and all of the posts got deleted and it was renamed with homophobic slurs.

Eh. Sooner or later I guess, since the whole software was discontinued shortly after.",What Happened to Google+? The Story Behind Googles Biggest Ever Failure,https://www.youtube.com/watch?v=NNbVHcnnWIc,False
"i find my first...hmm..u know what i maen , i find my first on g+ but after shutting down  i almost shattered from inside",What Happened to Google+? The Story Behind Googles Biggest Ever Failure,https://www.youtube.com/watch?v=NNbVHcnnWIc,False
I still have it,What Happened to Google+? The Story Behind Googles Biggest Ever Failure,https://www.youtube.com/watch?v=NNbVHcnnWIc,False
"I think the biggest question is what happened with Vic Gundotra, when he left all of the innovation went with him. Just as things were picking up momentum he announced he was leaving and things were never the same from that point.",What Happened to Google+? The Story Behind Googles Biggest Ever Failure,https://www.youtube.com/watch?v=NNbVHcnnWIc,False
Haha b4 reddit G+ used 2 be my shit especially on samsung galaxy hangouts,What Happened to Google+? The Story Behind Googles Biggest Ever Failure,https://www.youtube.com/watch?v=NNbVHcnnWIc,False
"The shit that went down on this site, yall aint ready.",What Happened to Google+? The Story Behind Googles Biggest Ever Failure,https://www.youtube.com/watch?v=NNbVHcnnWIc,False
they should just learn from their mistakes and dont do that. Removing an entire platform just puts people off.,What Happened to Google+? The Story Behind Googles Biggest Ever Failure,https://www.youtube.com/watch?v=NNbVHcnnWIc,False
"i miss google + and wish it had become the ""facebook""",What Happened to Google+? The Story Behind Googles Biggest Ever Failure,https://www.youtube.com/watch?v=NNbVHcnnWIc,False
"Prophet Hanna's google + happened,  year 2011",What Happened to Google+? The Story Behind Googles Biggest Ever Failure,https://www.youtube.com/watch?v=NNbVHcnnWIc,False
"I kinda liked it, goodbye g+",What Happened to Google+? The Story Behind Googles Biggest Ever Failure,https://www.youtube.com/watch?v=NNbVHcnnWIc,False
Google+ had a lot of momentum that was wasted. They didn't roll it out fast enough and interest waned,What Happened to Google+? The Story Behind Googles Biggest Ever Failure,https://www.youtube.com/watch?v=NNbVHcnnWIc,False
i missed google+ so much...,What Happened to Google+? The Story Behind Googles Biggest Ever Failure,https://www.youtube.com/watch?v=NNbVHcnnWIc,False
"Even the name was all wrong!
It should've been: G+",What Happened to Google+? The Story Behind Googles Biggest Ever Failure,https://www.youtube.com/watch?v=NNbVHcnnWIc,False
"We love google plus about nine years 

We will fix it once and once all",What Happened to Google+? The Story Behind Googles Biggest Ever Failure,https://www.youtube.com/watch?v=NNbVHcnnWIc,False
Who is Googol,What Happened to Google+? The Story Behind Googles Biggest Ever Failure,https://www.youtube.com/watch?v=NNbVHcnnWIc,False
Google will always be better than google+,What Happened to Google+? The Story Behind Googles Biggest Ever Failure,https://www.youtube.com/watch?v=NNbVHcnnWIc,False
"I remember trolling people on Google+ back in 2016. This one user gor pissed off when I dissed him. His chabnel was Big L, copying a dead rappers channel. It was funny.",What Happened to Google+? The Story Behind Googles Biggest Ever Failure,https://www.youtube.com/watch?v=NNbVHcnnWIc,False
I loved G+... Facebook is trash,What Happened to Google+? The Story Behind Googles Biggest Ever Failure,https://www.youtube.com/watch?v=NNbVHcnnWIc,False
"I personally think it partly failed because they overestimated how many friends we actually have..and how close we are to those “mutuals” ..most people on social media are acquaintances, not FRIENDS friends, so they were essentially forcing friendships to be closer than they really are.  Unless you were in an office setting, it just seemed like glorified office email service for people who didn’t need it.  Circles was visually awkward as well.   Only white collar workers cared for it because it’s basically a glorified office email software…it didnt appeal to the masses which are mostly blue collar people.. it needed to be more individualistic., it was TOO social for social media.",What Happened to Google+? The Story Behind Googles Biggest Ever Failure,https://www.youtube.com/watch?v=NNbVHcnnWIc,False
Man this ironically enough used to be my favorite social media site. But it was so heavily under developed and its community was just a noir version of Reddit,What Happened to Google+? The Story Behind Googles Biggest Ever Failure,https://www.youtube.com/watch?v=NNbVHcnnWIc,False
QUELLE GACHIE DANS L IGNORANCE DE LA GENESE SACRET MATRIX DEPOQUE AUX WEBMASTERS MERCI CAR BLABLA CAR CHAPEAUX,What Happened to Google+? The Story Behind Googles Biggest Ever Failure,https://www.youtube.com/watch?v=NNbVHcnnWIc,False
Google plus=windows Vista=windows phone,What Happened to Google+? The Story Behind Googles Biggest Ever Failure,https://www.youtube.com/watch?v=NNbVHcnnWIc,False
"This was literally forced on me, I never used it & was glad when it failed. Nazis",What Happened to Google+? The Story Behind Googles Biggest Ever Failure,https://www.youtube.com/watch?v=NNbVHcnnWIc,False
"Yeah, well most androids have Google as OS, so Facebook is mounted on Google and not vice versa. Things that went on...
On both platforms, human trafficking happen.",What Happened to Google+? The Story Behind Googles Biggest Ever Failure,https://www.youtube.com/watch?v=NNbVHcnnWIc,False
Google + really was the premices of reddit,What Happened to Google+? The Story Behind Googles Biggest Ever Failure,https://www.youtube.com/watch?v=NNbVHcnnWIc,False
It was a fantastic idea that was executed poorly and far too late,What Happened to Google+? The Story Behind Googles Biggest Ever Failure,https://www.youtube.com/watch?v=NNbVHcnnWIc,False
and that's why I don't use google apps.,What Happened to Google+? The Story Behind Googles Biggest Ever Failure,https://www.youtube.com/watch?v=NNbVHcnnWIc,False
Good riddance to bad rubbish,What Happened to Google+? The Story Behind Googles Biggest Ever Failure,https://www.youtube.com/watch?v=NNbVHcnnWIc,False
"I gonna be honest, it wasnt the quality of the site that killed it but its forced integration with YouTube.
All of that backlash made no one want anything to do with it.",What Happened to Google+? The Story Behind Googles Biggest Ever Failure,https://www.youtube.com/watch?v=NNbVHcnnWIc,False
Terrible,What Happened to Google+? The Story Behind Googles Biggest Ever Failure,https://www.youtube.com/watch?v=NNbVHcnnWIc,False
Im pretty close to giving up the Internet all together just to remove Google from my life,What Happened to Google+? The Story Behind Googles Biggest Ever Failure,https://www.youtube.com/watch?v=NNbVHcnnWIc,False
I actually didn’t mind Google+ when it was out. I like how it was tied with your YouTube account.,What Happened to Google+? The Story Behind Googles Biggest Ever Failure,https://www.youtube.com/watch?v=NNbVHcnnWIc,False
Google is successful in social media. Have you ever been on Youtube?,What Happened to Google+? The Story Behind Googles Biggest Ever Failure,https://www.youtube.com/watch?v=NNbVHcnnWIc,False
You do know Facebook released in 2001 not in 2022  Google Plus came out in what 2010 I think do the math,What Happened to Google+? The Story Behind Googles Biggest Ever Failure,https://www.youtube.com/watch?v=NNbVHcnnWIc,False
Google+ is a member of the Fail Army. LOL,What Happened to Google+? The Story Behind Googles Biggest Ever Failure,https://www.youtube.com/watch?v=NNbVHcnnWIc,False
Google plus was a fucking outrageous app so many funny things orginated from that app,What Happened to Google+? The Story Behind Googles Biggest Ever Failure,https://www.youtube.com/watch?v=NNbVHcnnWIc,False
The robot voice on these videos is really annoying,What Happened to Google+? The Story Behind Googles Biggest Ever Failure,https://www.youtube.com/watch?v=NNbVHcnnWIc,False
"Anyone here still use Google+? Watch last week's EP of Alphabet City: Google fixes Pixel 3 memory problems, Waymo One launches https://youtu.be/WaE2_B8iy24",Google+ is getting the ax early (Alphabet City),https://www.youtube.com/watch?v=l6_QpsGTGto,False
Let's compare hole sizes,Google+ is getting the ax early (Alphabet City),https://www.youtube.com/watch?v=l6_QpsGTGto,False
I didn't use it but I didn't want to lose it.,Google+ is getting the ax early (Alphabet City),https://www.youtube.com/watch?v=l6_QpsGTGto,False
"let's just hope Google won't find a bigger hole, otherwise they will come out again saying they will be closing G+ in a few days",Google+ is getting the ax early (Alphabet City),https://www.youtube.com/watch?v=l6_QpsGTGto,False
I forgo that Google+ ever even existed.,Google+ is getting the ax early (Alphabet City),https://www.youtube.com/watch?v=l6_QpsGTGto,False
No headphone jack?  I’ll just get an iPhone then.  Why bother?,Google+ is getting the ax early (Alphabet City),https://www.youtube.com/watch?v=l6_QpsGTGto,False
"""...and for giggles. let's compare hole sizes!""",Google+ is getting the ax early (Alphabet City),https://www.youtube.com/watch?v=l6_QpsGTGto,False
"What will happen if Google+ is a system app which comes with your device no uninstall options :""(",Google+ is getting the ax early (Alphabet City),https://www.youtube.com/watch?v=l6_QpsGTGto,False
Love that Green Samsung A8s! I hope that is one of the color options for the S10.,Google+ is getting the ax early (Alphabet City),https://www.youtube.com/watch?v=l6_QpsGTGto,False
Plus Place being demolished sooner than expected.,Google+ is getting the ax early (Alphabet City),https://www.youtube.com/watch?v=l6_QpsGTGto,False
The segment interstitial music is obnoxious,Google+ is getting the ax early (Alphabet City),https://www.youtube.com/watch?v=l6_QpsGTGto,False
"How do I know which countries will get the Google store next? 
It's the one where you can buy GH and Pixels...",Google+ is getting the ax early (Alphabet City),https://www.youtube.com/watch?v=l6_QpsGTGto,False
Isn't Huawei banned from selling there phones in the US??,Google+ is getting the ax early (Alphabet City),https://www.youtube.com/watch?v=l6_QpsGTGto,False
Early? It's a few years too late lol,Google+ is getting the ax early (Alphabet City),https://www.youtube.com/watch?v=l6_QpsGTGto,False
When is John legend coming to the Google Assistant and Childish Gambino to Playground?,Google+ is getting the ax early (Alphabet City),https://www.youtube.com/watch?v=l6_QpsGTGto,False
"I still use G+. I am on several sites , but G+ is my favorite. There has always been a greater emphasis on culture , particularly the wonderfully diverse collections that are not to be found elsewhere. Instagram is the big city , whereas G+ is the neighborhood. I am not happy about its imminent demise and I assure you that I am not alone in this. While its usership was always far less than Facebook , the popular assertion that 'nobody' used it is patently false.
 Google itself failed to realize the value of G+ and never promoted it  properly.",Google+ is getting the ax early (Alphabet City),https://www.youtube.com/watch?v=l6_QpsGTGto,False
What's Google + ?,Google+ is getting the ax early (Alphabet City),https://www.youtube.com/watch?v=l6_QpsGTGto,False
"Ok .. now you're just naming places as you go along...
It's your show... Who am I to say other wise man",Google+ is getting the ax early (Alphabet City),https://www.youtube.com/watch?v=l6_QpsGTGto,False
Are there any Chromebooks you are excited for coming in 2019?,Google+ is getting the ax early (Alphabet City),https://www.youtube.com/watch?v=l6_QpsGTGto,False
So will they try to turn YouTube into their social media platform?,Google+ is getting the ax early (Alphabet City),https://www.youtube.com/watch?v=l6_QpsGTGto,False
"""Samsung listens to every word we say""

Shame they don't listen to their Galaxy Watch customers. Check out the support forum (at their own website) and listen to how everyone is frustrated AF about the gesture and display behaviour. Rather than answer the issues and produce a software update they choose the option of ignoring everything. My current and previous two phones have been Samsung (S8, Note 4, Note 2) but if they lose the headphone jack and memory card my next one won't be Samsung.",Google+ is getting the ax early (Alphabet City),https://www.youtube.com/watch?v=l6_QpsGTGto,False
"Still think G+ is quite useful for specific community interest such as Astrology and Buddhism blocs.

I own a Meditation community bloc in G+ and now no idea where I can relocate my community, FB? No.",Google+ is getting the ax early (Alphabet City),https://www.youtube.com/watch?v=l6_QpsGTGto,False
About damn time! Get that crap outta here,Google+ is getting the ax early (Alphabet City),https://www.youtube.com/watch?v=l6_QpsGTGto,False
Fit is getting a widget it already had. Google screwed up the fit app. Google needs to realize that not every Orkut needs to be  replaced with a fancy cluttery jargony Google plus.,Google+ is getting the ax early (Alphabet City),https://www.youtube.com/watch?v=l6_QpsGTGto,False
"i will really miss google plus.  it was versatile and handy and useful for everyday toggling between my work life and personal life and of course i'm kidding.  i found it annoying because it kept trying to conflate the me that makes music videos with the me that does everything else.  never signed up for it, never used it, and still it managed to negatively impact me.",Google+ is getting the ax early (Alphabet City),https://www.youtube.com/watch?v=l6_QpsGTGto,False
"Yo Actar, I think I remember when you were an intern, unless I'm thinking about another cnet intern",Google+ is getting the ax early (Alphabet City),https://www.youtube.com/watch?v=l6_QpsGTGto,False
This is not Googlicious,Google+ is getting the ax early (Alphabet City),https://www.youtube.com/watch?v=l6_QpsGTGto,False
Now who’s copying Apple?!! Everyone hated on Apple for killing headphone jack now it looks like android might be doing the same.,Google+ is getting the ax early (Alphabet City),https://www.youtube.com/watch?v=l6_QpsGTGto,False
Can you buy me a pizza,Google+ is getting the ax early (Alphabet City),https://www.youtube.com/watch?v=l6_QpsGTGto,False
Red Sox are better! Nice video though!,Google+ is getting the ax early (Alphabet City),https://www.youtube.com/watch?v=l6_QpsGTGto,False
Don't use + so I'm good,Google+ is getting the ax early (Alphabet City),https://www.youtube.com/watch?v=l6_QpsGTGto,False
I hate the comments bit at the end. Is it necessary? It's waste of time.,Google+ is getting the ax early (Alphabet City),https://www.youtube.com/watch?v=l6_QpsGTGto,False
Early?,Google+ is getting the ax early (Alphabet City),https://www.youtube.com/watch?v=l6_QpsGTGto,False
great shirt... great man!,Google+ is getting the ax early (Alphabet City),https://www.youtube.com/watch?v=l6_QpsGTGto,False
Boo!,Google+ is getting the ax early (Alphabet City),https://www.youtube.com/watch?v=l6_QpsGTGto,False
Hi,Google+ is getting the ax early (Alphabet City),https://www.youtube.com/watch?v=l6_QpsGTGto,False
Wasn't this  already dead?  Ah well never used the service myself,Google+ is getting the ax early (Alphabet City),https://www.youtube.com/watch?v=l6_QpsGTGto,False
Brian Tong does it better,Google+ is getting the ax early (Alphabet City),https://www.youtube.com/watch?v=l6_QpsGTGto,False
pee pee poo poo,Google+ is getting the ax early (Alphabet City),https://www.youtube.com/watch?v=l6_QpsGTGto,False
talk about month old news! this channel isn't what it used to be :(,Google+ is getting the ax early (Alphabet City),https://www.youtube.com/watch?v=l6_QpsGTGto,False
Lets go Yankees!,Google+ is getting the ax early (Alphabet City),https://www.youtube.com/watch?v=l6_QpsGTGto,False
